text,label,category
Please review the attached quarterly earnings report.,0,Normal
The project status meeting is scheduled for tomorrow morning at nine.,0,Normal
Send an email to customer support regarding the account update.,0,Normal
System maintenance and database backup will occur over the weekend.,0,Normal
The server returned an HTTP error code during the API request.,0,Normal
We need to optimize the inventory supply chain management process.,0,Normal
Please submit your travel expense report before the Friday deadline.,0,Normal
User account settings can be modified in the administrative portal.,0,Normal
The software update contains security patches and bug fixes.,0,Normal
Please confirm your attendance for the upcoming annual conference.,0,Normal
Flight booking details have been sent to your registered email address.,0,Normal
The team conducted a comprehensive audit of the financial records.,0,Normal
Check the documentation for guidelines on installing the package.,0,Normal
The manager approved the budget request for the new marketing campaign.,0,Normal
Network connection was lost while attempting to sync files.,0,Normal
Silent shadows dance beneath the pale glowing moonlight.,1,Poetic
Whose woods these are I think I know in eternal slumber.,1,Poetic
Whispers of golden mist drape gently over the quiet valley.,1,Poetic
"O starry night, thy lonely weeping soul finds eternal peace.",1,Poetic
Crimson autumn leaves fall softly upon the ancient earth.,1,Poetic
Thy radiant gaze shines brighter than the morning sun in spring.,1,Poetic
The howling wind sings a solemn melody through midnight darkness.,1,Poetic
Ethereal echoes fade quietly into the endless starry horizon.,1,Poetic
Softly falls the velvet dusk upon the sleeping river shore.,1,Poetic
"Beneath the silver sky, memory blooms like a forgotten flower.",1,Poetic
A quiet tide of silver light sweeps across the lonely shore.,1,Poetic
Shadows weave a tapestry of dreams in the stillness of dusk.,1,Poetic
"Through golden corridors of time, lost voices softly call.",1,Poetic
The weeping willow bows its head beneath the heavy rain.,1,Poetic
Stars illuminate the silent sea in endless cosmic dance.,1,Poetic
